{
  "german": {
    "accuracy": 0.9558401413115478,
    "precision": 0.8398386665219334,
    "recall": 0.8770654242589538,
    "f1": 0.8569508272940848,
    "hallucinations": 1
  }
}