{
  "german": {
    "accuracy": 0.9586324786324786,
    "precision": 0.8725827438033753,
    "recall": 0.8873526839357111,
    "f1": 0.8797112360598373,
    "hallucinations": 0
  }
}