{
  "english": {
    "accuracy": 0.9501078687407744,
    "precision": 0.6755468998012294,
    "recall": 0.8771682779923035,
    "f1": 0.7493698273385286,
    "hallucinations": 0
  }
}