{
  "german": {
    "accuracy": 0.9647966641903712,
    "precision": 0.7462151188981822,
    "recall": 0.7822157502525426,
    "f1": 0.7631842474038057,
    "hallucinations": 0
  }
}