{
  "german": {
    "accuracy": 0.9731160987921399,
    "precision": 0.7778442115369733,
    "recall": 0.9109845787694222,
    "f1": 0.8340162231607127,
    "hallucinations": 0
  }
}