{
  "german": {
    "accuracy": 0.9659161527797696,
    "precision": 0.7782616454075155,
    "recall": 0.7652286126134674,
    "f1": 0.7715666250541341,
    "hallucinations": 30
  }
}