{
  "english": {
    "accuracy": 0.9619948925942616,
    "precision": 0.7191172173268017,
    "recall": 0.8853912839605238,
    "f1": 0.7831330219207091,
    "hallucinations": 0
  }
}