{
  "english": {
    "accuracy": 0.9603867522909301,
    "precision": 0.7084813105745426,
    "recall": 0.8860800175707997,
    "f1": 0.775625173076283,
    "hallucinations": 0
  }
}