{
  "english": {
    "accuracy": 0.9181624581685427,
    "precision": 0.7699138783953948,
    "recall": 0.8922188482049339,
    "f1": 0.8189445342408695,
    "hallucinations": 0
  }
}