{
  "english": {
    "accuracy": 0.8294723294723295,
    "precision": 0.3326523297491039,
    "recall": 0.33346238224287,
    "f1": 0.3040828983127065,
    "hallucinations": 185
  }
}