{
  "english": {
    "accuracy": 0.8271973466003317,
    "precision": 0.3870991549503671,
    "recall": 0.33397687907691515,
    "f1": 0.30365920925222084,
    "hallucinations": 177
  }
}