{
  "german": {
    "accuracy": 0.9762033531638724,
    "precision": 0.7907849915828824,
    "recall": 0.9124354302225436,
    "f1": 0.8428627681040034,
    "hallucinations": 0
  }
}