{
  "german": {
    "accuracy": 0.9342018105542063,
    "precision": 0.765924862300449,
    "recall": 0.841988136653418,
    "f1": 0.7986735780528228,
    "hallucinations": 0
  }
}