{
  "english": {
    "accuracy": 0.9626596435529259,
    "precision": 0.7201232059732258,
    "recall": 0.9032720604066032,
    "f1": 0.7902605942629312,
    "hallucinations": 0
  }
}