{
  "english": {
    "accuracy": 0.9645861499173802,
    "precision": 0.7330735920595729,
    "recall": 0.9036023097453342,
    "f1": 0.799713410379205,
    "hallucinations": 0
  }
}