{
  "german": {
    "accuracy": 0.9518657540295871,
    "precision": 0.8139261239533556,
    "recall": 0.8715674645842587,
    "f1": 0.8399047032368747,
    "hallucinations": 0
  }
}