{
  "german": {
    "accuracy": 0.8758974358974358,
    "precision": 0.6813471283024142,
    "recall": 0.510656911742254,
    "f1": 0.5619973431926311,
    "hallucinations": 75
  }
}