{
  "english": {
    "accuracy": 0.9533462033462033,
    "precision": 0.8531575471126502,
    "recall": 0.903878416073538,
    "f1": 0.8764161200845549,
    "hallucinations": 0
  }
}