{
  "english": {
    "accuracy": 0.9522388059701492,
    "precision": 0.8522350810579633,
    "recall": 0.9025611841571629,
    "f1": 0.8753158037310822,
    "hallucinations": 0
  }
}