{
  "german": {
    "accuracy": 0.9554950045413261,
    "precision": 0.7058402235333375,
    "recall": 0.7892829951735005,
    "f1": 0.7402909588587976,
    "hallucinations": 54
  }
}