{
  "english": {
    "accuracy": 0.9193793732887131,
    "precision": 0.7711563356067334,
    "recall": 0.8902174297446864,
    "f1": 0.820778692868886,
    "hallucinations": 0
  }
}