{
  "german": {
    "accuracy": 0.972991452991453,
    "precision": 0.913892746519478,
    "recall": 0.9011692111787837,
    "f1": 0.9072336298627964,
    "hallucinations": 0
  }
}