{
  "english": {
    "accuracy": 0.9466003316749585,
    "precision": 0.8361609377417597,
    "recall": 0.8931195867001905,
    "f1": 0.8621658045542743,
    "hallucinations": 7
  }
}