{
  "english": {
    "accuracy": 0.9465894465894465,
    "precision": 0.8339994201015534,
    "recall": 0.8940558086899552,
    "f1": 0.861311983892049,
    "hallucinations": 7
  }
}