{
  "german": {
    "accuracy": 0.9445793773459925,
    "precision": 0.8585440651453924,
    "recall": 0.7429315320732707,
    "f1": 0.7920714369698532,
    "hallucinations": 0
  }
}