{
  "english": {
    "accuracy": 0.971042471042471,
    "precision": 0.9104834718174782,
    "recall": 0.941865947963509,
    "f1": 0.9255793456722431,
    "hallucinations": 0
  }
}