{
  "english": {
    "accuracy": 0.9718076285240465,
    "precision": 0.9153232119034005,
    "recall": 0.9416842864163736,
    "f1": 0.9280538336020192,
    "hallucinations": 0
  }
}