{
  "english": {
    "accuracy": 0.9837524788173788,
    "precision": 0.8483087153190332,
    "recall": 0.9368378899427378,
    "f1": 0.8884066253719048,
    "hallucinations": 0
  }
}