{
  "german": {
    "accuracy": 0.9189666593066902,
    "precision": 0.7615686968747676,
    "recall": 0.6666744559919305,
    "f1": 0.706548811075283,
    "hallucinations": 0
  }
}