{
  "german": {
    "accuracy": 0.8785603886067564,
    "precision": 0.7396021532642344,
    "recall": 0.35079557605837514,
    "f1": 0.346395719020759,
    "hallucinations": 190
  }
}