{
  "german": {
    "accuracy": 0.9634188034188034,
    "precision": 0.8790051488304345,
    "recall": 0.8974640371679327,
    "f1": 0.8875141894063105,
    "hallucinations": 0
  }
}