{
  "german": {
    "accuracy": 0.9748376428862422,
    "precision": 0.7893281697434403,
    "recall": 0.8959793754394373,
    "f1": 0.8364283365680757,
    "hallucinations": 0
  }
}