{
  "english": {
    "accuracy": 0.9697669384515477,
    "precision": 0.7554998468929636,
    "recall": 0.9126564073016571,
    "f1": 0.8198658753373428,
    "hallucinations": 0
  }
}