{
  "english": {
    "accuracy": 0.9711206249061138,
    "precision": 0.7671087293386148,
    "recall": 0.9122040681153977,
    "f1": 0.8275396251654961,
    "hallucinations": 0
  }
}