{
  "german": {
    "accuracy": 0.9312820512820513,
    "precision": 0.8386183811090223,
    "recall": 0.737883372667043,
    "f1": 0.7814727982262046,
    "hallucinations": 4
  }
}