{
  "german": {
    "accuracy": 0.9618011454863524,
    "precision": 0.7214005957472366,
    "recall": 0.7875837733397927,
    "f1": 0.7505362825985316,
    "hallucinations": 0
  }
}