{
  "english": {
    "accuracy": 0.96322336398053,
    "precision": 0.7264033954155474,
    "recall": 0.9008149037517809,
    "f1": 0.793810780535298,
    "hallucinations": 0
  }
}