{
  "german": {
    "accuracy": 0.9275213675213675,
    "precision": 0.8307489852866565,
    "recall": 0.7226465627895592,
    "f1": 0.7686739341244401,
    "hallucinations": 4
  }
}