{
  "german": {
    "accuracy": 0.8629059829059829,
    "precision": 0.7378891941391942,
    "recall": 0.34777617735134897,
    "f1": 0.3376819977099453,
    "hallucinations": 133
  }
}