{
  "english": {
    "accuracy": 0.9727253048560502,
    "precision": 0.7710862602650296,
    "recall": 0.9125483581662263,
    "f1": 0.8304432090527946,
    "hallucinations": 0
  }
}