{
  "english": {
    "accuracy": 0.9739747634069401,
    "precision": 0.7818805847155889,
    "recall": 0.9133468791768632,
    "f1": 0.837824418383479,
    "hallucinations": 0
  }
}