{
  "german": {
    "accuracy": 0.9740947542476455,
    "precision": 0.8216014468166342,
    "recall": 0.7955629015521332,
    "f1": 0.8078322186673134,
    "hallucinations": 0
  }
}