{
  "english": {
    "accuracy": 0.9266808640097354,
    "precision": 0.784770240877808,
    "recall": 0.9038509485097338,
    "f1": 0.8335345509974227,
    "hallucinations": 0
  }
}