{
  "german": {
    "accuracy": 0.9643892736466246,
    "precision": 0.7258825489243154,
    "recall": 0.888011241491372,
    "f1": 0.7906826244240764,
    "hallucinations": 0
  }
}