{
  "english": {
    "accuracy": 0.9501064800730149,
    "precision": 0.8457018926912641,
    "recall": 0.9063885232776948,
    "f1": 0.8737964916510172,
    "hallucinations": 0
  }
}