{
  "german": {
    "accuracy": 0.9586324786324786,
    "precision": 0.8693531176799999,
    "recall": 0.8775460771960284,
    "f1": 0.8731861846597764,
    "hallucinations": 0
  }
}