{
  "german": {
    "accuracy": 0.9635744925591315,
    "precision": 0.7230568291313456,
    "recall": 0.8486793238059952,
    "f1": 0.7747555347853267,
    "hallucinations": 0
  }
}