{
  "german": {
    "accuracy": 0.9493397876776343,
    "precision": 0.6658682067008428,
    "recall": 0.8244652896587401,
    "f1": 0.7239565249140606,
    "hallucinations": 0
  }
}