{
  "english": {
    "accuracy": 0.9709527672615829,
    "precision": 0.7598155996048725,
    "recall": 0.9073189385321824,
    "f1": 0.8211936724518597,
    "hallucinations": 0
  }
}