{
  "english": {
    "accuracy": 0.9719893636199748,
    "precision": 0.7677620167427225,
    "recall": 0.9064349401281951,
    "f1": 0.8256112274936603,
    "hallucinations": 0
  }
}