{
  "german": {
    "accuracy": 0.9648929123426805,
    "precision": 0.8565698356597364,
    "recall": 0.9048142644432454,
    "f1": 0.8790014263076994,
    "hallucinations": 0
  }
}