{
  "german": {
    "accuracy": 0.9634781777331612,
    "precision": 0.7525357038842769,
    "recall": 0.790331143370372,
    "f1": 0.7698528947975691,
    "hallucinations": 0
  }
}