{
  "english": {
    "accuracy": 0.9446303620322483,
    "precision": 0.8287318715017474,
    "recall": 0.8953610796757397,
    "f1": 0.858557148969493,
    "hallucinations": 0
  }
}