{
  "german": {
    "accuracy": 0.9524786324786325,
    "precision": 0.8346101960585045,
    "recall": 0.8972041516462127,
    "f1": 0.8629915446876159,
    "hallucinations": 0
  }
}