{
  "german": {
    "accuracy": 0.9732778813518811,
    "precision": 0.8456088463190051,
    "recall": 0.780892948636207,
    "f1": 0.810303954568334,
    "hallucinations": 0
  }
}