{
  "english": {
    "accuracy": 0.9837764758900406,
    "precision": 0.8497313242599319,
    "recall": 0.9424010103245779,
    "f1": 0.8916338025486477,
    "hallucinations": 0
  }
}