{
  "english": {
    "accuracy": 0.9828991990764124,
    "precision": 0.8397999903185626,
    "recall": 0.9427117697391006,
    "f1": 0.8858278116337468,
    "hallucinations": 0
  }
}