{
  "english": {
    "accuracy": 0.9778428721646387,
    "precision": 0.8073826136186412,
    "recall": 0.9230066784623608,
    "f1": 0.8578061777238566,
    "hallucinations": 0
  }
}