{
  "english": {
    "accuracy": 0.9769824662674075,
    "precision": 0.7982520836139356,
    "recall": 0.9235279887535577,
    "f1": 0.8522374410115029,
    "hallucinations": 0
  }
}