{
  "german": {
    "accuracy": 0.8737028041510267,
    "precision": 0.6075501295784906,
    "recall": 0.5114398278541402,
    "f1": 0.5464108665360914,
    "hallucinations": 100
  }
}