{
  "english": {
    "accuracy": 0.9811159185145123,
    "precision": 0.8214007141957419,
    "recall": 0.931595886019975,
    "f1": 0.8700916408606679,
    "hallucinations": 0
  }
}