{
  "german": {
    "accuracy": 0.9295933283807424,
    "precision": 0.5930568207264417,
    "recall": 0.723228993670729,
    "f1": 0.6406938514350665,
    "hallucinations": 0
  }
}