{
  "german": {
    "accuracy": 0.9782494383096706,
    "precision": 0.8221691580686254,
    "recall": 0.9110612920713715,
    "f1": 0.8625417048515404,
    "hallucinations": 0
  }
}