{
  "english": {
    "accuracy": 0.9725752659095006,
    "precision": 0.7673353562297004,
    "recall": 0.8936092293726837,
    "f1": 0.8204298134820701,
    "hallucinations": 0
  }
}