{
  "german": {
    "accuracy": 0.948332965334511,
    "precision": 0.8040823829655045,
    "recall": 0.8719820727030648,
    "f1": 0.8344170447654249,
    "hallucinations": 0
  }
}