{
  "english": {
    "accuracy": 0.836629145117128,
    "precision": 0.33501067398597134,
    "recall": 0.3335010355694172,
    "f1": 0.3054823604383136,
    "hallucinations": 198
  }
}