{
  "english": {
    "accuracy": 0.9425815756264647,
    "precision": 0.5637558173156809,
    "recall": 0.3399302469049416,
    "f1": 0.3369479686290764,
    "hallucinations": 869
  }
}