{
  "english": {
    "accuracy": 0.9233343474292668,
    "precision": 0.7793429666623392,
    "recall": 0.9025200350191108,
    "f1": 0.8291720322895886,
    "hallucinations": 0
  }
}