{
  "english": {
    "accuracy": 0.9424012979989184,
    "precision": 0.5707538898299768,
    "recall": 0.3433040325845706,
    "f1": 0.34353898036706826,
    "hallucinations": 867
  }
}