{
  "german": {
    "accuracy": 0.9822904934218409,
    "precision": 0.857410453732322,
    "recall": 0.8820483265779172,
    "f1": 0.8687733823435889,
    "hallucinations": 0
  }
}