{
  "english": {
    "accuracy": 0.9728026533996683,
    "precision": 0.91213521113586,
    "recall": 0.9300757501092597,
    "f1": 0.9209172085306934,
    "hallucinations": 0
  }
}