{
  "english": {
    "accuracy": 0.972972972972973,
    "precision": 0.9106732704368196,
    "recall": 0.9307379612257661,
    "f1": 0.9204702568673158,
    "hallucinations": 0
  }
}