{
  "german": {
    "accuracy": 0.9531623931623932,
    "precision": 0.8312850852663022,
    "recall": 0.9009915004087944,
    "f1": 0.8629786855741742,
    "hallucinations": 0
  }
}