{
  "german": {
    "accuracy": 0.9162393162393162,
    "precision": 0.7882074994670266,
    "recall": 0.6851948993839044,
    "f1": 0.7281946793181694,
    "hallucinations": 0
  }
}