{
  "english": {
    "accuracy": 0.9382415576513539,
    "precision": 0.8068365801488703,
    "recall": 0.9093088858509778,
    "f1": 0.8508694803354997,
    "hallucinations": 0
  }
}