{
  "german": {
    "accuracy": 0.9617532171870881,
    "precision": 0.7250035338289712,
    "recall": 0.7450827346112737,
    "f1": 0.7332941859565997,
    "hallucinations": 0
  }
}