{
  "english": {
    "accuracy": 0.9333738971706723,
    "precision": 0.7928287224858693,
    "recall": 0.9001563256255037,
    "f1": 0.837718522362071,
    "hallucinations": 0
  }
}