{
  "english": {
    "accuracy": 0.9577121995740797,
    "precision": 0.8631814144208727,
    "recall": 0.9203181807346112,
    "f1": 0.8897912508436043,
    "hallucinations": 0
  }
}