{
  "english": {
    "accuracy": 0.9800585849481749,
    "precision": 0.820146131281451,
    "recall": 0.9143140235543692,
    "f1": 0.8623840994321575,
    "hallucinations": 21
  }
}