{
  "english": {
    "accuracy": 0.9785698823868966,
    "precision": 0.8066187252306051,
    "recall": 0.9147074181157299,
    "f1": 0.8542893472216208,
    "hallucinations": 22
  }
}