{
  "english": {
    "accuracy": 0.9691542288557214,
    "precision": 0.8993714663779623,
    "recall": 0.9404394102708764,
    "f1": 0.9187861419536428,
    "hallucinations": 0
  }
}