{
  "english": {
    "accuracy": 0.9675032175032175,
    "precision": 0.8928886264720778,
    "recall": 0.9403024707902756,
    "f1": 0.9151427867877416,
    "hallucinations": 0
  }
}