{
  "english": {
    "accuracy": 0.9758900405588102,
    "precision": 0.8159636598131678,
    "recall": 0.8620548578855223,
    "f1": 0.8377858149608116,
    "hallucinations": 100
  }
}