{
  "english": {
    "accuracy": 0.974745652644491,
    "precision": 0.8028163113040897,
    "recall": 0.8630073422315352,
    "f1": 0.8308356694243253,
    "hallucinations": 107
  }
}