{
  "english": {
    "accuracy": 0.9710079615442392,
    "precision": 0.7665504036651796,
    "recall": 0.9219059700515895,
    "f1": 0.8306566253078748,
    "hallucinations": 0
  }
}