{
  "english": {
    "accuracy": 0.9695865502561513,
    "precision": 0.7544970374888865,
    "recall": 0.9215248220826853,
    "f1": 0.8222523169830209,
    "hallucinations": 0
  }
}