{
  "english": {
    "accuracy": 0.847885609978704,
    "precision": 0.7317688037133645,
    "recall": 0.391904498571732,
    "f1": 0.412338550146724,
    "hallucinations": 165
  }
}