{
  "german": {
    "accuracy": 0.9180834621329211,
    "precision": 0.7613232815680755,
    "recall": 0.6613800840861107,
    "f1": 0.702969994663878,
    "hallucinations": 0
  }
}