{
  "german": {
    "accuracy": 0.9757636598307758,
    "precision": 0.8565925389748698,
    "recall": 0.7905292453412956,
    "f1": 0.8209414023090541,
    "hallucinations": 0
  }
}