{
  "german": {
    "accuracy": 0.9489953632148377,
    "precision": 0.8663060339228784,
    "recall": 0.7818643585424647,
    "f1": 0.8194885646865927,
    "hallucinations": 0
  }
}