{
  "german": {
    "accuracy": 0.9764911692108605,
    "precision": 0.7947458296473596,
    "recall": 0.9036532883735173,
    "f1": 0.8424598840291299,
    "hallucinations": 0
  }
}