{
  "english": {
    "accuracy": 0.9633204633204633,
    "precision": 0.8778773652758302,
    "recall": 0.9381657186535235,
    "f1": 0.9057603817811817,
    "hallucinations": 0
  }
}