{
  "english": {
    "accuracy": 0.9645107794361526,
    "precision": 0.8831611815156188,
    "recall": 0.9380923937151145,
    "f1": 0.9087224276504237,
    "hallucinations": 0
  }
}