{
  "german": {
    "accuracy": 0.9487745639213955,
    "precision": 0.8328779687724733,
    "recall": 0.8404692846551973,
    "f1": 0.8361544943264071,
    "hallucinations": 0
  }
}