{
  "german": {
    "accuracy": 0.9555428079736125,
    "precision": 0.7006052185197077,
    "recall": 0.8227890075879921,
    "f1": 0.7494126859084916,
    "hallucinations": 0
  }
}