{
  "german": {
    "accuracy": 0.8704273504273504,
    "precision": 0.6538383205657445,
    "recall": 0.5361020810539237,
    "f1": 0.5781997738107381,
    "hallucinations": 71
  }
}