{
  "english": {
    "accuracy": 0.9724851270957274,
    "precision": 0.7719230360303996,
    "recall": 0.9040653705486624,
    "f1": 0.8277998165626838,
    "hallucinations": 0
  }
}