{
  "german": {
    "accuracy": 0.9507617575623758,
    "precision": 0.8729566932499845,
    "recall": 0.7841363566115781,
    "f1": 0.8235545029189592,
    "hallucinations": 0
  }
}