{
  "english": {
    "accuracy": 0.9722823147647377,
    "precision": 0.7712827601140476,
    "recall": 0.9212605658708882,
    "f1": 0.8335598316114051,
    "hallucinations": 0
  }
}