{
  "english": {
    "accuracy": 0.9432835820895522,
    "precision": 0.8273862392265897,
    "recall": 0.881629073205669,
    "f1": 0.8519697296003992,
    "hallucinations": 0
  }
}