{
  "english": {
    "accuracy": 0.9414414414414415,
    "precision": 0.8202581594435526,
    "recall": 0.8819525100012905,
    "f1": 0.847990541264504,
    "hallucinations": 0
  }
}