{
  "english": {
    "accuracy": 0.9464557347125038,
    "precision": 0.8282732880270595,
    "recall": 0.9215926569339065,
    "f1": 0.869139423997742,
    "hallucinations": 0
  }
}