{
  "english": {
    "accuracy": 0.9626769626769627,
    "precision": 0.8752297067704045,
    "recall": 0.9300207470939178,
    "f1": 0.9008411143473295,
    "hallucinations": 1
  }
}