{
  "english": {
    "accuracy": 0.9648424543946932,
    "precision": 0.8834842428689219,
    "recall": 0.9302784595993966,
    "f1": 0.9055749891043169,
    "hallucinations": 1
  }
}