{
  "english": {
    "accuracy": 0.9832882679885835,
    "precision": 0.8476979615080996,
    "recall": 0.9333316474893221,
    "f1": 0.8866581916292485,
    "hallucinations": 0
  }
}