{
  "english": {
    "accuracy": 0.9822137239339057,
    "precision": 0.8366023098732276,
    "recall": 0.9336647473692353,
    "f1": 0.8802000795512567,
    "hallucinations": 0
  }
}