{
  "english": {
    "accuracy": 0.9711442786069652,
    "precision": 0.8953792330227183,
    "recall": 0.9402877953290254,
    "f1": 0.9166507834270993,
    "hallucinations": 0
  }
}