{
  "english": {
    "accuracy": 0.9716859716859717,
    "precision": 0.8957572760541815,
    "recall": 0.9410618739887032,
    "f1": 0.9172108430172946,
    "hallucinations": 0
  }
}