{
  "german": {
    "accuracy": 0.979582544513408,
    "precision": 0.8242812810442132,
    "recall": 0.8857202752415718,
    "f1": 0.8529857547357765,
    "hallucinations": 0
  }
}