{
  "english": {
    "accuracy": 0.9367204137511409,
    "precision": 0.8043354821365165,
    "recall": 0.9087039251734219,
    "f1": 0.848939637321945,
    "hallucinations": 0
  }
}