{
  "english": {
    "accuracy": 0.9726654047232739,
    "precision": 0.7734037972908968,
    "recall": 0.9197067629374948,
    "f1": 0.834502693219275,
    "hallucinations": 0
  }
}