{
  "german": {
    "accuracy": 0.9484531141412447,
    "precision": 0.6608665010273748,
    "recall": 0.8157536423202929,
    "f1": 0.7177735736549934,
    "hallucinations": 0
  }
}