{
  "english": {
    "accuracy": 0.951575456053068,
    "precision": 0.8451870341339148,
    "recall": 0.919142270536863,
    "f1": 0.8783768218095055,
    "hallucinations": 0
  }
}