{
  "english": {
    "accuracy": 0.9488416988416989,
    "precision": 0.8358488763700903,
    "recall": 0.9187637114466383,
    "f1": 0.8726374858801504,
    "hallucinations": 0
  }
}