{
  "english": {
    "accuracy": 0.9724709784411277,
    "precision": 0.9083787218591141,
    "recall": 0.9481686577090499,
    "f1": 0.9272645153662697,
    "hallucinations": 0
  }
}