{
  "english": {
    "accuracy": 0.9713642213642214,
    "precision": 0.9030717212454716,
    "recall": 0.9481893445308079,
    "f1": 0.9243804570174476,
    "hallucinations": 0
  }
}