{
  "english": {
    "accuracy": 0.9796830404085924,
    "precision": 0.8152422813692994,
    "recall": 0.9217840939574745,
    "f1": 0.8625177602114595,
    "hallucinations": 11
  }
}