{
  "english": {
    "accuracy": 0.9783173389133415,
    "precision": 0.8029335291859541,
    "recall": 0.9221421411404854,
    "f1": 0.8549869777590899,
    "hallucinations": 11
  }
}