{
  "german": {
    "accuracy": 0.9718181600325912,
    "precision": 0.7765607027760146,
    "recall": 0.8742530517684709,
    "f1": 0.8190563899437936,
    "hallucinations": 0
  }
}