{
  "english": {
    "accuracy": 0.9425007605719501,
    "precision": 0.8166887114109418,
    "recall": 0.8983774492953606,
    "f1": 0.8526472307519776,
    "hallucinations": 0
  },
  "german": {
    "accuracy": 0.9304482225656878,
    "precision": 0.8063600367987941,
    "recall": 0.7213974060348702,
    "f1": 0.758797670251865,
    "hallucinations": 0
  },
  "italian": {
    "accuracy": 0.9317866349395201,
    "precision": 0.678316242784013,
    "recall": 0.6894619922744534,
    "f1": 0.6821249218599972,
    "hallucinations": 0
  },
  "spanish": {
    "accuracy": 0.8526785714285714,
    "precision": 0.6721003444179411,
    "recall": 0.7477473407499852,
    "f1": 0.7032421765945474,
    "hallucinations": 0
  }
}