{
  "english": {
    "accuracy": 0.9860510185685957,
    "precision": 0.8803006841698832,
    "recall": 0.9143809597439977,
    "f1": 0.896504596363411,
    "hallucinations": 0
  }
}