{
  "english": {
    "accuracy": 0.9720970407090281,
    "precision": 0.7667488458397447,
    "recall": 0.896468452253552,
    "f1": 0.821149794983001,
    "hallucinations": 0
  }
}