{
  "english": {
    "accuracy": 0.9709214229020853,
    "precision": 0.7560765098079923,
    "recall": 0.8964880431848635,
    "f1": 0.8141138357005847,
    "hallucinations": 0
  }
}