{
  "german": {
    "accuracy": 0.9619484678999952,
    "precision": 0.7408106803499113,
    "recall": 0.789253512627329,
    "f1": 0.7627911243848026,
    "hallucinations": 0
  }
}