{
  "english": {
    "accuracy": 0.9522388059701492,
    "precision": 0.8480304738046938,
    "recall": 0.9273570062557873,
    "f1": 0.8832484857868591,
    "hallucinations": 0
  }
}