{
  "english": {
    "accuracy": 0.9485199485199485,
    "precision": 0.8361906153218363,
    "recall": 0.9265215362776339,
    "f1": 0.8757472603184068,
    "hallucinations": 0
  }
}