{
  "english": {
    "accuracy": 0.9761153672825598,
    "precision": 0.7906346084320491,
    "recall": 0.9249264985045955,
    "f1": 0.8477436757191317,
    "hallucinations": 0
  }
}