{
  "english": {
    "accuracy": 0.974024099862905,
    "precision": 0.7740570009151132,
    "recall": 0.9229054706377443,
    "f1": 0.8360575288163895,
    "hallucinations": 0
  }
}