{
  "german": {
    "accuracy": 0.9489953632148377,
    "precision": 0.8568630123132225,
    "recall": 0.7911385516131757,
    "f1": 0.8212717104791706,
    "hallucinations": 0
  }
}