{
  "german": {
    "accuracy": 0.9476705674541841,
    "precision": 0.8155746859980807,
    "recall": 0.8402209427103234,
    "f1": 0.8269057125985265,
    "hallucinations": 0
  }
}