{
  "german": {
    "accuracy": 0.9742339499976098,
    "precision": 0.8034151623252903,
    "recall": 0.8866764464626161,
    "f1": 0.8412200592182474,
    "hallucinations": 0
  }
}