{
  "english": {
    "accuracy": 0.9748009613940213,
    "precision": 0.7952361091414614,
    "recall": 0.8675773874093,
    "f1": 0.8283075582421536,
    "hallucinations": 78
  }
}