{
  "english": {
    "accuracy": 0.9735190129157948,
    "precision": 0.7822815771366437,
    "recall": 0.8684757111972811,
    "f1": 0.8210075469526097,
    "hallucinations": 81
  }
}