{
  "german": {
    "accuracy": 0.9448001766394347,
    "precision": 0.8277114313235558,
    "recall": 0.7964313058685342,
    "f1": 0.8107020295158874,
    "hallucinations": 0
  }
}