{
  "german": {
    "accuracy": 0.9435897435897436,
    "precision": 0.8477713480708896,
    "recall": 0.7989853703056317,
    "f1": 0.821531825722461,
    "hallucinations": 0
  }
}