{
  "english": {
    "accuracy": 0.9808788512879717,
    "precision": 0.8230927256678707,
    "recall": 0.9225979508105985,
    "f1": 0.8675967432316742,
    "hallucinations": 15
  }
}