{
  "english": {
    "accuracy": 0.9823118521856692,
    "precision": 0.8365771504240652,
    "recall": 0.9222665581817355,
    "f1": 0.8755235689599843,
    "hallucinations": 15
  }
}