{
  "german": {
    "accuracy": 0.8814307794215058,
    "precision": 0.6378125351019617,
    "recall": 0.5076615118100397,
    "f1": 0.5510057130996604,
    "hallucinations": 105
  }
}