{
  "german": {
    "accuracy": 0.9521367521367521,
    "precision": 0.8818470935229953,
    "recall": 0.8212876386609596,
    "f1": 0.8492542790057646,
    "hallucinations": 0
  }
}