{
  "english": {
    "accuracy": 0.9485199485199485,
    "precision": 0.8344882442913221,
    "recall": 0.9186346625371016,
    "f1": 0.8717952259604167,
    "hallucinations": 0
  }
}