{
  "english": {
    "accuracy": 0.9522388059701492,
    "precision": 0.8463834507365243,
    "recall": 0.9194094716056673,
    "f1": 0.8792360423259966,
    "hallucinations": 0
  }
}