{
  "german": {
    "accuracy": 0.9754846749263102,
    "precision": 0.8300702133125045,
    "recall": 0.8141294787699543,
    "f1": 0.8213684791251877,
    "hallucinations": 0
  }
}