{
  "english": {
    "accuracy": 0.9649241400030043,
    "precision": 0.7339162618932153,
    "recall": 0.9027187623749858,
    "f1": 0.8000466335384043,
    "hallucinations": 0
  }
}