{
  "english": {
    "accuracy": 0.9634172739735911,
    "precision": 0.7230174311531901,
    "recall": 0.9032514225841037,
    "f1": 0.7924124659496695,
    "hallucinations": 0
  }
}