{
  "german": {
    "accuracy": 0.9328770147935527,
    "precision": 0.8074703756333862,
    "recall": 0.7424696159819959,
    "f1": 0.7720550710513722,
    "hallucinations": 0
  }
}