{
  "german": {
    "accuracy": 0.972237245357851,
    "precision": 0.7657186680889686,
    "recall": 0.9044553242925099,
    "f1": 0.824105074016222,
    "hallucinations": 0
  }
}