{
  "english": {
    "accuracy": 0.9718341595313205,
    "precision": 0.7702151235711737,
    "recall": 0.920904978445094,
    "f1": 0.8328625773812566,
    "hallucinations": 0
  }
}