{
  "english": {
    "accuracy": 0.9702359477595787,
    "precision": 0.7571633536999497,
    "recall": 0.920473475337081,
    "f1": 0.823820024377025,
    "hallucinations": 0
  }
}