{
  "german": {
    "accuracy": 0.9759548735599216,
    "precision": 0.8564467930772769,
    "recall": 0.8023468243120785,
    "f1": 0.8274428731993435,
    "hallucinations": 0
  }
}