{
  "english": {
    "accuracy": 0.9716859716859717,
    "precision": 0.9050308072639354,
    "recall": 0.929618710106515,
    "f1": 0.9168448966630581,
    "hallucinations": 0
  }
}