{
  "english": {
    "accuracy": 0.9711442786069652,
    "precision": 0.9047070993767461,
    "recall": 0.9287550664928371,
    "f1": 0.9162726209148673,
    "hallucinations": 0
  }
}