{
  "english": {
    "accuracy": 0.9833693888588426,
    "precision": 0.8489434164511925,
    "recall": 0.9260912120051036,
    "f1": 0.8843048179481459,
    "hallucinations": 0
  }
}