{
  "german": {
    "accuracy": 0.9779769464880539,
    "precision": 0.806226955553826,
    "recall": 0.9133659356297223,
    "f1": 0.8538871423712616,
    "hallucinations": 0
  }
}