{
  "english": {
    "accuracy": 0.9388674388674388,
    "precision": 0.8153052568262867,
    "recall": 0.9095143790265742,
    "f1": 0.8557755550329967,
    "hallucinations": 0
  }
}