{
  "english": {
    "accuracy": 0.9422885572139303,
    "precision": 0.8253756295920534,
    "recall": 0.910085896961287,
    "f1": 0.8622726584152124,
    "hallucinations": 0
  }
}