{
  "english": {
    "accuracy": 0.9724764391960941,
    "precision": 0.7643989709274283,
    "recall": 0.9032807923731029,
    "f1": 0.8222938990539209,
    "hallucinations": 0
  }
}