{
  "german": {
    "accuracy": 0.9629274605190635,
    "precision": 0.7207128837377402,
    "recall": 0.8725842218805401,
    "f1": 0.7818465339657076,
    "hallucinations": 24
  }
}