{
  "english": {
    "accuracy": 0.9802294537845443,
    "precision": 0.8224728229435905,
    "recall": 0.9306494732325463,
    "f1": 0.8707261504024397,
    "hallucinations": 0
  }
}