{
  "english": {
    "accuracy": 0.9815607631065044,
    "precision": 0.8356382638096859,
    "recall": 0.9304277377302926,
    "f1": 0.8785980047794205,
    "hallucinations": 0
  }
}