{
  "english": {
    "accuracy": 0.9768117901568415,
    "precision": 0.8027049105639771,
    "recall": 0.9211083713034692,
    "f1": 0.8546498279966276,
    "hallucinations": 0
  }
}