{
  "english": {
    "accuracy": 0.9406753878916946,
    "precision": 0.8138361044086805,
    "recall": 0.9196363511769242,
    "f1": 0.8589388668857835,
    "hallucinations": 0
  }
}