{
  "english": {
    "accuracy": 0.9710982658959537,
    "precision": 0.9047496170989034,
    "recall": 0.932683374198041,
    "f1": 0.9181400960965588,
    "hallucinations": 0
  }
}