{
  "german": {
    "accuracy": 0.8611965811965812,
    "precision": 0.6416571846912404,
    "recall": 0.3471145391351256,
    "f1": 0.3371101708939446,
    "hallucinations": 134
  }
}