{
  "german": {
    "accuracy": 0.9540737469640097,
    "precision": 0.8374831907956172,
    "recall": 0.8607178448045115,
    "f1": 0.8483899709769004,
    "hallucinations": 0
  }
}