{
  "german": {
    "accuracy": 0.9653425115923323,
    "precision": 0.7659991884854565,
    "recall": 0.7543606969246627,
    "f1": 0.7594203928335785,
    "hallucinations": 0
  }
}