{
  "german": {
    "accuracy": 0.9652947081600459,
    "precision": 0.7764385485492173,
    "recall": 0.7573287917115188,
    "f1": 0.7665747642694295,
    "hallucinations": 36
  }
}