{
  "english": {
    "accuracy": 0.9711018110974817,
    "precision": 0.7563467382473984,
    "recall": 0.8961360560425599,
    "f1": 0.814163771180587,
    "hallucinations": 0
  }
}