{
  "english": {
    "accuracy": 0.9724350307946522,
    "precision": 0.768094048273576,
    "recall": 0.896878399115575,
    "f1": 0.8221939127861239,
    "hallucinations": 0
  }
}