{
  "german": {
    "accuracy": 0.9732320448608881,
    "precision": 0.8237442797497518,
    "recall": 0.7843947007872317,
    "f1": 0.802345209679823,
    "hallucinations": 0
  }
}