{
  "english": {
    "accuracy": 0.8615759050806207,
    "precision": 0.661626874695183,
    "recall": 0.5665057426586205,
    "f1": 0.6030228861800833,
    "hallucinations": 94
  }
}