{
  "german": {
    "accuracy": 0.9483760683760684,
    "precision": 0.8908486991769071,
    "recall": 0.7893660657107459,
    "f1": 0.8339563357298134,
    "hallucinations": 0
  }
}