{
  "german": {
    "accuracy": 0.9807352167885655,
    "precision": 0.846852749325612,
    "recall": 0.88844131102438,
    "f1": 0.8667003693639904,
    "hallucinations": 2
  }
}