{
  "german": {
    "accuracy": 0.9601361096087976,
    "precision": 0.7107621234216069,
    "recall": 0.8834320520474401,
    "f1": 0.7760827267715752,
    "hallucinations": 0
  }
}