{
  "english": {
    "accuracy": 0.9823327925004507,
    "precision": 0.8333181236497208,
    "recall": 0.9245148265827647,
    "f1": 0.8744155757523897,
    "hallucinations": 0
  }
}