{
  "english": {
    "accuracy": 0.9581724581724582,
    "precision": 0.8563959264160953,
    "recall": 0.9197241331387672,
    "f1": 0.8855814178509678,
    "hallucinations": 0
  }
}