{
  "english": {
    "accuracy": 0.9572139303482587,
    "precision": 0.8555894194590143,
    "recall": 0.9186054317136153,
    "f1": 0.8846241310630217,
    "hallucinations": 0
  }
}