{
  "english": {
    "accuracy": 0.9598418010343779,
    "precision": 0.8647795802583605,
    "recall": 0.9230529963281997,
    "f1": 0.8918339927845795,
    "hallucinations": 0
  }
}