{
  "german": {
    "accuracy": 0.9353058070214175,
    "precision": 0.7693255415730338,
    "recall": 0.8508818078993429,
    "f1": 0.8042512331065081,
    "hallucinations": 0
  }
}