{
  "german": {
    "accuracy": 0.8611965811965812,
    "precision": 0.6191542700464239,
    "recall": 0.4893531018011747,
    "f1": 0.530107620819331,
    "hallucinations": 79
  }
}