{
  "english": {
    "accuracy": 0.9364161849710982,
    "precision": 0.8051217620093268,
    "recall": 0.9163971354524879,
    "f1": 0.8520902905138722,
    "hallucinations": 0
  }
}