{
  "german": {
    "accuracy": 0.9461249724000883,
    "precision": 0.8657547760715847,
    "recall": 0.7618961439839603,
    "f1": 0.8071909735545276,
    "hallucinations": 0
  }
}