{
  "english": {
    "accuracy": 0.9412935323383085,
    "precision": 0.82216072461559,
    "recall": 0.873180472552988,
    "f1": 0.8452281242060815,
    "hallucinations": 0
  }
}