{
  "english": {
    "accuracy": 0.9395109395109396,
    "precision": 0.8151452326662589,
    "recall": 0.8736065199479833,
    "f1": 0.841383994756495,
    "hallucinations": 0
  }
}