{
  "german": {
    "accuracy": 0.8608547008547008,
    "precision": 0.5650750133272409,
    "recall": 0.33779474095735273,
    "f1": 0.3181763108130944,
    "hallucinations": 136
  }
}