{
  "german": {
    "accuracy": 0.9810698408145705,
    "precision": 0.8552727381806183,
    "recall": 0.8785830706208347,
    "f1": 0.8658671746528371,
    "hallucinations": 0
  }
}