{
  "german": {
    "accuracy": 0.9657791943252894,
    "precision": 0.75260018405328,
    "recall": 0.7847528856703446,
    "f1": 0.7678100818347565,
    "hallucinations": 0
  }
}