{
  "english": {
    "accuracy": 0.9808096740273397,
    "precision": 0.8296430838212673,
    "recall": 0.9241126008236825,
    "f1": 0.87231784743572,
    "hallucinations": 0
  }
}