{
  "english": {
    "accuracy": 0.9798325997546721,
    "precision": 0.8193315387298042,
    "recall": 0.9245616239439481,
    "f1": 0.8662512475673355,
    "hallucinations": 0
  }
}