{
  "english": {
    "accuracy": 0.9677517493154852,
    "precision": 0.8909944757515927,
    "recall": 0.9368486743810757,
    "f1": 0.9126912330366203,
    "hallucinations": 0
  }
}