{
  "english": {
    "accuracy": 0.935971685971686,
    "precision": 0.8099645782993133,
    "recall": 0.9083529388407436,
    "f1": 0.8517991388820044,
    "hallucinations": 0
  }
}