{
  "english": {
    "accuracy": 0.9393034825870646,
    "precision": 0.8197409625062214,
    "recall": 0.9088834921516677,
    "f1": 0.8581621855131556,
    "hallucinations": 0
  }
}