{
  "english": {
    "accuracy": 0.9767827529021559,
    "precision": 0.9241855471847321,
    "recall": 0.9399270283760576,
    "f1": 0.9318258576952033,
    "hallucinations": 0
  }
}