{
  "english": {
    "accuracy": 0.9771557271557272,
    "precision": 0.9242716638300071,
    "recall": 0.9406176479347211,
    "f1": 0.9321961112722509,
    "hallucinations": 0
  }
}