{
  "english": {
    "accuracy": 0.9707274202271499,
    "precision": 0.7586531729654892,
    "recall": 0.9083716105378671,
    "f1": 0.8208356869775262,
    "hallucinations": 0
  }
}