{
  "german": {
    "accuracy": 0.9507536725059311,
    "precision": 0.6973179653940345,
    "recall": 0.4901035054514186,
    "f1": 0.5495901809871836,
    "hallucinations": 565
  }
}