{
  "english": {
    "accuracy": 0.9403711591116519,
    "precision": 0.812423185743126,
    "recall": 0.8767484306617005,
    "f1": 0.8413392084103334,
    "hallucinations": 0
  },
  "german": {
    "accuracy": 0.9207330536542283,
    "precision": 0.7616148106423156,
    "recall": 0.6806213412890637,
    "f1": 0.71545895446384,
    "hallucinations": 0
  },
  "italian": {
    "accuracy": 0.9317866349395201,
    "precision": 0.6923649645337155,
    "recall": 0.6919862782647613,
    "f1": 0.6900443475253407,
    "hallucinations": 0
  },
  "spanish": {
    "accuracy": 0.8504464285714286,
    "precision": 0.6747898009153092,
    "recall": 0.7483599496214938,
    "f1": 0.7054148334390948,
    "hallucinations": 0
  }
}