{
  "english": {
    "accuracy": 0.9355034986309705,
    "precision": 0.8120370506323021,
    "recall": 0.8589291801248155,
    "f1": 0.833629885175374
  },
  "overall": {
    "accuracy": 0.9355034986309705,
    "precision": 0.8120370506323021,
    "recall": 0.8589291801248155,
    "f1": 0.833629885175374
  }
}