{
  "english": {
    "accuracy": 0.954228855721393,
    "precision": 0.8511172959056607,
    "recall": 0.9325209499262525,
    "f1": 0.8872499807082596,
    "hallucinations": 0
  }
}