{
  "english": {
    "accuracy": 0.9507722007722008,
    "precision": 0.8419066019202507,
    "recall": 0.9281991721016111,
    "f1": 0.8799162465405942,
    "hallucinations": 0
  }
}