{
  "english": {
    "accuracy": 0.9727035312819349,
    "precision": 0.7701257096236583,
    "recall": 0.9117876549250564,
    "f1": 0.8299769752928613,
    "hallucinations": 0
  }
}