{
  "english": {
    "accuracy": 0.9711018110974817,
    "precision": 0.7672410995756834,
    "recall": 0.8741530367041185,
    "f1": 0.8140378098444248,
    "hallucinations": 73
  }
}