{
  "english": {
    "accuracy": 0.9720594862550699,
    "precision": 0.77750763739013,
    "recall": 0.8732066291210088,
    "f1": 0.8200406866488027,
    "hallucinations": 70
  }
}