{
  "english": {
    "accuracy": 0.8642213642213642,
    "precision": 0.6873230051640847,
    "recall": 0.5730764267349633,
    "f1": 0.6152901157723552,
    "hallucinations": 88
  }
}