{
  "english": {
    "accuracy": 0.8643449419568823,
    "precision": 0.69576264962914,
    "recall": 0.5762068455980871,
    "f1": 0.6199884168778096,
    "hallucinations": 86
  }
}