{
  "german": {
    "accuracy": 0.9311106204460146,
    "precision": 0.8020109246233799,
    "recall": 0.7358820290992044,
    "f1": 0.7658403185856871,
    "hallucinations": 0
  }
}