{
  "english": {
    "accuracy": 0.9522360815333131,
    "precision": 0.845406668260324,
    "recall": 0.9317932832013751,
    "f1": 0.8838618697678506,
    "hallucinations": 0
  }
}