{
  "german": {
    "accuracy": 0.9769225239042393,
    "precision": 0.8004405595163395,
    "recall": 0.887645367301441,
    "f1": 0.839642259959407,
    "hallucinations": 0
  }
}