{
  "german": {
    "accuracy": 0.8772355928461029,
    "precision": 0.6815052494406334,
    "recall": 0.34021750012871393,
    "f1": 0.32567351323867205,
    "hallucinations": 198
  }
}