{
  "german": {
    "accuracy": 0.9152136752136752,
    "precision": 0.7881775559404498,
    "recall": 0.6780620976045629,
    "f1": 0.7235366522258762,
    "hallucinations": 0
  }
}