{
  "english": {
    "accuracy": 0.9841581034793582,
    "precision": 0.863504118124208,
    "recall": 0.9238842605116409,
    "f1": 0.891696847063059,
    "hallucinations": 0
  }
}