{
  "english": {
    "accuracy": 0.944015444015444,
    "precision": 0.8234118560897459,
    "recall": 0.9040074649830748,
    "f1": 0.8588842114029672,
    "hallucinations": 4
  }
}