{
  "english": {
    "accuracy": 0.9449419568822554,
    "precision": 0.8278282249453897,
    "recall": 0.903507703790236,
    "f1": 0.861342192250946,
    "hallucinations": 4
  }
}