{
  "english": {
    "accuracy": 0.974024099862905,
    "precision": 0.7753591091646045,
    "recall": 0.9078575396702083,
    "f1": 0.8313504083138484,
    "hallucinations": 0
  }
}