{
  "english": {
    "accuracy": 0.9749511792098543,
    "precision": 0.785029307884758,
    "recall": 0.9071695209135466,
    "f1": 0.8372867055566527,
    "hallucinations": 0
  }
}