{
  "english": {
    "accuracy": 0.9434134469120778,
    "precision": 0.8176954462543509,
    "recall": 0.8932442120282365,
    "f1": 0.8512437582937769,
    "hallucinations": 0
  }
}