{
  "english": {
    "accuracy": 0.9809807102938526,
    "precision": 0.8197086811610214,
    "recall": 0.9293829862700879,
    "f1": 0.8680698973656572,
    "hallucinations": 0
  }
}