{
  "german": {
    "accuracy": 0.9504273504273504,
    "precision": 0.821540554574078,
    "recall": 0.8795581920948771,
    "f1": 0.8477780557618116,
    "hallucinations": 0
  }
}