{
  "german": {
    "accuracy": 0.9496577610951645,
    "precision": 0.806854504551508,
    "recall": 0.8913485422024973,
    "f1": 0.8443157460901124,
    "hallucinations": 0
  }
}