{
  "german": {
    "accuracy": 0.9473504273504274,
    "precision": 0.8398552710404384,
    "recall": 0.8499010205300563,
    "f1": 0.8444477723971279,
    "hallucinations": 0
  }
}