{
  "german": {
    "accuracy": 0.9379553985427247,
    "precision": 0.7720564591803903,
    "recall": 0.8509316635175196,
    "f1": 0.8062735171040174,
    "hallucinations": 0
  }
}