{
  "german": {
    "accuracy": 0.9501306046154953,
    "precision": 0.6667418204993553,
    "recall": 0.8198744787994919,
    "f1": 0.7235277213398653,
    "hallucinations": 0
  }
}