{
  "english": {
    "accuracy": 0.9813638002523887,
    "precision": 0.8339519397644121,
    "recall": 0.9325525262335893,
    "f1": 0.878443949928303,
    "hallucinations": 0
  }
}