{
  "english": {
    "accuracy": 0.9839093729706329,
    "precision": 0.8582307859230198,
    "recall": 0.9306089336124233,
    "f1": 0.8916238065051564,
    "hallucinations": 0
  }
}