{
  "english": {
    "accuracy": 0.9850157728706624,
    "precision": 0.8704686449957998,
    "recall": 0.9302762724668043,
    "f1": 0.8984093749597076,
    "hallucinations": 0
  }
}