{
  "english": {
    "accuracy": 0.9538939967550027,
    "precision": 0.6852835203193752,
    "recall": 0.8841413910099574,
    "f1": 0.7593010020091562,
    "hallucinations": 0
  }
}