{
  "english": {
    "accuracy": 0.9756115159823942,
    "precision": 0.7904045195126145,
    "recall": 0.9215609098148088,
    "f1": 0.84702562038808,
    "hallucinations": 0
  }
}