{
  "english": {
    "accuracy": 0.9768664563617245,
    "precision": 0.8023830166060236,
    "recall": 0.9212139484647914,
    "f1": 0.8545196725426077,
    "hallucinations": 0
  }
}