{
  "english": {
    "accuracy": 0.9628840888348038,
    "precision": 0.878330146948568,
    "recall": 0.9243504909614905,
    "f1": 0.900054737728341,
    "hallucinations": 0
  }
}