{
  "english": {
    "accuracy": 0.8442728442728443,
    "precision": 0.7670056887045588,
    "recall": 0.39893733186416114,
    "f1": 0.4229191379992092,
    "hallucinations": 155
  }
}