{
  "english": {
    "accuracy": 0.8414593698175787,
    "precision": 0.7808861761048943,
    "recall": 0.3969087371630162,
    "f1": 0.41912947688023405,
    "hallucinations": 151
  }
}