{
  "german": {
    "accuracy": 0.9739471294038912,
    "precision": 0.8009365997332862,
    "recall": 0.8562480780501452,
    "f1": 0.8264470965778107,
    "hallucinations": 0
  }
}