{
  "german": {
    "accuracy": 0.8792227864870833,
    "precision": 0.7403174603174603,
    "recall": 0.35936414753749174,
    "f1": 0.362760466625699,
    "hallucinations": 192
  }
}