{
  "german": {
    "accuracy": 0.9281794435524455,
    "precision": 0.5894985599431642,
    "recall": 0.7270832324298881,
    "f1": 0.6389940063299139,
    "hallucinations": 0
  }
}