{
  "english": {
    "accuracy": 0.944015444015444,
    "precision": 0.8265154284262565,
    "recall": 0.9176022712608077,
    "f1": 0.8662698412698413,
    "hallucinations": 0
  }
}