{
  "english": {
    "accuracy": 0.9472636815920398,
    "precision": 0.8352475068493331,
    "recall": 0.9217678040536873,
    "f1": 0.8732981453216414,
    "hallucinations": 0
  }
}