{
  "english": {
    "accuracy": 0.982648278348657,
    "precision": 0.8415760036060655,
    "recall": 0.922737989359293,
    "f1": 0.878426490342057,
    "hallucinations": 0
  }
}