{
  "german": {
    "accuracy": 0.9315522190328991,
    "precision": 0.7898118865944089,
    "recall": 0.7394222060827862,
    "f1": 0.7625275171724519,
    "hallucinations": 0
  }
}