{
  "english": {
    "accuracy": 0.9333738971706723,
    "precision": 0.7962276781960326,
    "recall": 0.9104636633373581,
    "f1": 0.8440820636034544,
    "hallucinations": 0
  }
}