{
  "german": {
    "accuracy": 0.9683433583359294,
    "precision": 0.7775887493170984,
    "recall": 0.780605140276556,
    "f1": 0.7767761793986828,
    "hallucinations": 0
  }
}