{
  "english": {
    "accuracy": 0.8634012777608762,
    "precision": 0.6689235192992841,
    "recall": 0.5750458978862649,
    "f1": 0.6114669496182882,
    "hallucinations": 94
  }
}