{
  "english": {
    "accuracy": 0.9373134328358209,
    "precision": 0.8168909408184195,
    "recall": 0.9016886468511028,
    "f1": 0.8535198786780497,
    "hallucinations": 0
  }
}