{
  "english": {
    "accuracy": 0.9340411840411841,
    "precision": 0.8071335846919353,
    "recall": 0.9012403585574318,
    "f1": 0.8472458999764555,
    "hallucinations": 0
  }
}