{
  "english": {
    "accuracy": 0.9525704809286899,
    "precision": 0.8504187087197893,
    "recall": 0.9251591679562375,
    "f1": 0.8839725605697119,
    "hallucinations": 0
  }
}