{
  "english": {
    "accuracy": 0.9514157014157014,
    "precision": 0.8454547403881275,
    "recall": 0.9253600960918034,
    "f1": 0.8810918103512712,
    "hallucinations": 0
  }
}