{
  "english": {
    "accuracy": 0.9427843879574545,
    "precision": 0.6112149174041467,
    "recall": 0.34822870141142065,
    "f1": 0.3528091755024414,
    "hallucinations": 857
  }
}