{
  "english": {
    "accuracy": 0.9837299441139354,
    "precision": 0.850211757593919,
    "recall": 0.9357566451429279,
    "f1": 0.8890505016184757,
    "hallucinations": 0
  }
}