{
  "english": {
    "accuracy": 0.9685704553196322,
    "precision": 0.7556334069734904,
    "recall": 0.9018140707885213,
    "f1": 0.8166720569119091,
    "hallucinations": 2
  }
}