{
  "german": {
    "accuracy": 0.967493666045222,
    "precision": 0.7701776560033805,
    "recall": 0.7940660215817381,
    "f1": 0.7802492351081947,
    "hallucinations": 0
  }
}