{
  "german": {
    "accuracy": 0.9326562155001104,
    "precision": 0.7992099703626602,
    "recall": 0.7391989002004155,
    "f1": 0.7664334723871583,
    "hallucinations": 0
  }
}