{
  "english": {
    "accuracy": 0.9462676962676962,
    "precision": 0.831456671485301,
    "recall": 0.9049108073498319,
    "f1": 0.864006816905889,
    "hallucinations": 0
  }
}