{
  "english": {
    "accuracy": 0.9482587064676616,
    "precision": 0.8387583779811152,
    "recall": 0.9048437091342575,
    "f1": 0.868286078194226,
    "hallucinations": 0
  }
}