{
  "english": {
    "accuracy": 0.9708186669694561,
    "precision": 0.7591570299299937,
    "recall": 0.8928835922228271,
    "f1": 0.8148535854557744,
    "hallucinations": 0
  }
}