{
  "german": {
    "accuracy": 0.9603418803418804,
    "precision": 0.8537772673581303,
    "recall": 0.9016282973345892,
    "f1": 0.8761751863985036,
    "hallucinations": 0
  }
}