{
  "german": {
    "accuracy": 0.9623523209278919,
    "precision": 0.7289326170691431,
    "recall": 0.7463892702752207,
    "f1": 0.7359241769527114,
    "hallucinations": 0
  }
}