{
  "english": {
    "accuracy": 0.9771989321018832,
    "precision": 0.8011075659391266,
    "recall": 0.9315971201211538,
    "f1": 0.857675456939541,
    "hallucinations": 0
  }
}