{
  "english": {
    "accuracy": 0.9785939612438035,
    "precision": 0.8141708978802535,
    "recall": 0.9314093942701639,
    "f1": 0.8658622953243361,
    "hallucinations": 0
  }
}