{
  "english": {
    "accuracy": 0.8670520231213873,
    "precision": 0.6809359036932765,
    "recall": 0.5855147869365256,
    "f1": 0.6229007693940324,
    "hallucinations": 91
  }
}