{
  "german": {
    "accuracy": 0.9421505851181277,
    "precision": 0.8183329996846892,
    "recall": 0.7879074885654163,
    "f1": 0.8018907924330404,
    "hallucinations": 0
  }
}