{
  "german": {
    "accuracy": 0.9324690263366004,
    "precision": 0.6006279170300041,
    "recall": 0.7298105938287615,
    "f1": 0.6489155014806647,
    "hallucinations": 0
  }
}