{
  "german": {
    "accuracy": 0.9688888888888889,
    "precision": 0.8772901497973044,
    "recall": 0.9233114294847624,
    "f1": 0.898830498047395,
    "hallucinations": 0
  }
}