{
  "english": {
    "accuracy": 0.9535559762033532,
    "precision": 0.6845379704057702,
    "recall": 0.8866848373148085,
    "f1": 0.7593319576632043,
    "hallucinations": 0
  }
}