{
  "english": {
    "accuracy": 0.9724366837434159,
    "precision": 0.7680872655551486,
    "recall": 0.9098246096928474,
    "f1": 0.8272203367582643,
    "hallucinations": 0
  }
}