{
  "english": {
    "accuracy": 0.9737494366831906,
    "precision": 0.7790427826844585,
    "recall": 0.9105989534384656,
    "f1": 0.8347183022141781,
    "hallucinations": 0
  }
}