{
  "english": {
    "accuracy": 0.9731386334955832,
    "precision": 0.7709178200552582,
    "recall": 0.8972256468347162,
    "f1": 0.8241975782220073,
    "hallucinations": 0
  }
}