{
  "english": {
    "accuracy": 0.9836262580742076,
    "precision": 0.8493900764639234,
    "recall": 0.9288834959260363,
    "f1": 0.8857668795648951,
    "hallucinations": 0
  }
}