{
  "english": {
    "accuracy": 0.9822858792120643,
    "precision": 0.8362460842537954,
    "recall": 0.9291772982826102,
    "f1": 0.878145867073927,
    "hallucinations": 0
  }
}