{
  "german": {
    "accuracy": 0.9780582245805248,
    "precision": 0.8292387943850339,
    "recall": 0.8770569315836158,
    "f1": 0.851112408309997,
    "hallucinations": 0
  }
}