{
  "english": {
    "accuracy": 0.9760005408328827,
    "precision": 0.79416424412909,
    "recall": 0.9147060047502015,
    "f1": 0.8461652577243383,
    "hallucinations": 0
  }
}