{
  "german": {
    "accuracy": 0.9670156317223577,
    "precision": 0.7497398148418871,
    "recall": 0.8965765064835685,
    "f1": 0.8102922101921326,
    "hallucinations": 0
  }
}