{
  "german": {
    "accuracy": 0.9487179487179487,
    "precision": 0.894259437288488,
    "recall": 0.7870467416690697,
    "f1": 0.8337655584469611,
    "hallucinations": 0
  }
}