{
  "english": {
    "accuracy": 0.966832504145937,
    "precision": 0.8866426083359916,
    "recall": 0.9398047437339135,
    "f1": 0.9115287024048092,
    "hallucinations": 0
  }
}