{
  "english": {
    "accuracy": 0.9655727155727156,
    "precision": 0.8812687007454985,
    "recall": 0.9398433544775008,
    "f1": 0.9085127871207103,
    "hallucinations": 0
  }
}