{
  "german": {
    "accuracy": 0.9623523209278919,
    "precision": 0.7291480000498507,
    "recall": 0.7462369626261606,
    "f1": 0.7361894101763312,
    "hallucinations": 0
  }
}