{
  "english": {
    "accuracy": 0.9469320066334992,
    "precision": 0.8404920148430092,
    "recall": 0.8929526500307406,
    "f1": 0.8646403767065491,
    "hallucinations": 6
  }
}