{
  "english": {
    "accuracy": 0.946911196911197,
    "precision": 0.838234473821967,
    "recall": 0.8938696804550462,
    "f1": 0.8637410512477247,
    "hallucinations": 6
  }
}