{
  "english": {
    "accuracy": 0.8411925768177669,
    "precision": 0.7464955939457328,
    "recall": 0.35489521027761756,
    "f1": 0.34722618105687436,
    "hallucinations": 191
  }
}