{
  "german": {
    "accuracy": 0.9323076923076923,
    "precision": 0.8427597777078746,
    "recall": 0.7428740908640411,
    "f1": 0.7862061348902635,
    "hallucinations": 4
  }
}