{
  "german": {
    "accuracy": 0.9452991452991453,
    "precision": 0.8741457124435849,
    "recall": 0.7892461587127154,
    "f1": 0.8273068675816521,
    "hallucinations": 2
  }
}