{
  "german": {
    "accuracy": 0.9768985597546072,
    "precision": 0.8145010936679208,
    "recall": 0.8742159134247162,
    "f1": 0.8411528273238439,
    "hallucinations": 0
  }
}