{
  "english": {
    "accuracy": 0.9862926243052426,
    "precision": 0.8820486426676496,
    "recall": 0.9212768200185112,
    "f1": 0.9006911089606741,
    "hallucinations": 0
  }
}