{
  "english": {
    "accuracy": 0.9856771772855184,
    "precision": 0.8731749819981142,
    "recall": 0.9218857396750167,
    "f1": 0.896159334560148,
    "hallucinations": 0
  }
}