{
  "german": {
    "accuracy": 0.9712960918525061,
    "precision": 0.9118546465988141,
    "recall": 0.8790974171262937,
    "f1": 0.8945414855240034,
    "hallucinations": 0
  }
}