{
  "german": {
    "accuracy": 0.944137778759108,
    "precision": 0.8523615068095703,
    "recall": 0.7676997338027616,
    "f1": 0.8054769223473319,
    "hallucinations": 1
  }
}