{
  "german": {
    "accuracy": 0.9405128205128205,
    "precision": 0.7979411712767307,
    "recall": 0.8630105264301609,
    "f1": 0.8269370729822976,
    "hallucinations": 0
  }
}