{
  "english": {
    "accuracy": 0.9577121995740797,
    "precision": 0.8619212041999607,
    "recall": 0.9289926193410071,
    "f1": 0.8928458718093895,
    "hallucinations": 0
  }
}