{
  "german": {
    "accuracy": 0.9797313447105502,
    "precision": 0.8343262683158162,
    "recall": 0.9040621384512785,
    "f1": 0.8665707370424839,
    "hallucinations": 4
  }
}