{
  "german": {
    "accuracy": 0.9529697504967984,
    "precision": 0.8393325336782035,
    "recall": 0.8633276931704966,
    "f1": 0.8507772493241573,
    "hallucinations": 0
  }
}