{
  "english": {
    "accuracy": 0.9650136902951019,
    "precision": 0.8942625454425381,
    "recall": 0.9209915765241391,
    "f1": 0.9072241229890698,
    "hallucinations": 0
  }
}