{
  "german": {
    "accuracy": 0.9716504109851662,
    "precision": 0.7704784285832699,
    "recall": 0.8564825925333354,
    "f1": 0.8085712735693033,
    "hallucinations": 0
  }
}