{
  "german": {
    "accuracy": 0.9663782980660931,
    "precision": 0.7486411926272171,
    "recall": 0.7910832726331082,
    "f1": 0.7664848988021674,
    "hallucinations": 0
  }
}