{
  "english": {
    "accuracy": 0.8651866151866152,
    "precision": 0.6911327419782173,
    "recall": 0.5813504472041058,
    "f1": 0.6226651416306589,
    "hallucinations": 87
  }
}