{
  "english": {
    "accuracy": 0.8640132669983416,
    "precision": 0.6949492326164549,
    "recall": 0.5840207797138052,
    "f1": 0.6257318705031684,
    "hallucinations": 84
  }
}