{
  "english": {
    "accuracy": 0.9736743277752742,
    "precision": 0.7750820778423764,
    "recall": 0.9125020019397634,
    "f1": 0.8335979910482765,
    "hallucinations": 0
  }
}