{
  "english": {
    "accuracy": 0.9728335377732881,
    "precision": 0.7665368234521931,
    "recall": 0.9131297032466059,
    "f1": 0.828153842571299,
    "hallucinations": 0
  }
}