{
  "german": {
    "accuracy": 0.9666810076963526,
    "precision": 0.7842706040126819,
    "recall": 0.7683407506973325,
    "f1": 0.7760954379597216,
    "hallucinations": 35
  }
}