{
  "german": {
    "accuracy": 0.9616616473062766,
    "precision": 0.7390328016093596,
    "recall": 0.7931460297728714,
    "f1": 0.7633182054309243,
    "hallucinations": 0
  }
}