{
  "german": {
    "accuracy": 0.9209538529476705,
    "precision": 0.7706555725752354,
    "recall": 0.6741462161726884,
    "f1": 0.7147269145597507,
    "hallucinations": 0
  }
}