{
  "english": {
    "accuracy": 0.834942084942085,
    "precision": 0.8288400014378663,
    "recall": 0.35188907749883364,
    "f1": 0.339620217050457,
    "hallucinations": 180
  }
}