{
  "english": {
    "accuracy": 0.8308457711442786,
    "precision": 0.8103333333333333,
    "recall": 0.34901011542162697,
    "f1": 0.33341266452262214,
    "hallucinations": 172
  }
}