{
  "german": {
    "accuracy": 0.9295726495726496,
    "precision": 0.8070451641088398,
    "recall": 0.7497646678423026,
    "f1": 0.7759639911717399,
    "hallucinations": 0
  }
}