{
  "german": {
    "accuracy": 0.9317730183263414,
    "precision": 0.7910594002951656,
    "recall": 0.7387059166092134,
    "f1": 0.7626335910212049,
    "hallucinations": 0
  }
}