{
  "german": {
    "accuracy": 0.9517948717948718,
    "precision": 0.9050726771117517,
    "recall": 0.7925218576229587,
    "f1": 0.8412442513023176,
    "hallucinations": 0
  }
}