{
  "german": {
    "accuracy": 0.9660117596443425,
    "precision": 0.7484649191153965,
    "recall": 0.8711845794285953,
    "f1": 0.800094299715116,
    "hallucinations": 14
  }
}