{
  "german": {
    "accuracy": 0.9299145299145299,
    "precision": 0.8067336286074891,
    "recall": 0.7544907307528114,
    "f1": 0.7785996086672103,
    "hallucinations": 0
  }
}