{
  "german": {
    "accuracy": 0.9711267268989914,
    "precision": 0.8143343035184638,
    "recall": 0.7802919748809046,
    "f1": 0.7955335827937208,
    "hallucinations": 0
  }
}