{
  "german": {
    "accuracy": 0.9786318657679621,
    "precision": 0.8297792107514975,
    "recall": 0.8904664771354445,
    "f1": 0.8579085823902936,
    "hallucinations": 6
  }
}