{
  "german": {
    "accuracy": 0.9630952095664885,
    "precision": 0.7327434965596816,
    "recall": 0.7895606243948093,
    "f1": 0.7580854793962231,
    "hallucinations": 0
  }
}