{
  "german": {
    "accuracy": 0.9580481342459705,
    "precision": 0.8359955806999272,
    "recall": 0.8922948566510801,
    "f1": 0.8620137775641336,
    "hallucinations": 0
  }
}