{
  "english": {
    "accuracy": 0.9437176756921205,
    "precision": 0.8148303708966692,
    "recall": 0.9042700582328842,
    "f1": 0.8536995906291093,
    "hallucinations": 0
  },
  "german": {
    "accuracy": 0.9291234268050342,
    "precision": 0.8023866497379316,
    "recall": 0.7116195614909788,
    "f1": 0.751151963162669,
    "hallucinations": 0
  },
  "italian": {
    "accuracy": 0.9311917509418997,
    "precision": 0.6776265975745316,
    "recall": 0.6924815574425421,
    "f1": 0.6830907989447937,
    "hallucinations": 0
  },
  "spanish": {
    "accuracy": 0.8526785714285714,
    "precision": 0.6710635463844108,
    "recall": 0.7446622239012219,
    "f1": 0.7014905450500556,
    "hallucinations": 0
  }
}