{
  "english": {
    "accuracy": 0.9488895649528445,
    "precision": 0.8328866255695524,
    "recall": 0.9041840823520126,
    "f1": 0.8653195446910481,
    "hallucinations": 0
  }
}