{
  "english": {
    "accuracy": 0.9745808545159546,
    "precision": 0.7935325704236881,
    "recall": 0.892504043664094,
    "f1": 0.837024046707556,
    "hallucinations": 0
  }
}