{
  "german": {
    "accuracy": 0.9660595630766289,
    "precision": 0.7486688578935564,
    "recall": 0.8473976989491342,
    "f1": 0.7908708041680637,
    "hallucinations": 0
  }
}