{
  "english": {
    "accuracy": 0.9343629343629344,
    "precision": 0.8042244637687599,
    "recall": 0.9083107497741644,
    "f1": 0.8490064168937989,
    "hallucinations": 0
  }
}