{
  "english": {
    "accuracy": 0.9393034825870646,
    "precision": 0.8179489190358756,
    "recall": 0.9095361730960798,
    "f1": 0.858175464161213,
    "hallucinations": 0
  }
}