{
  "english": {
    "accuracy": 0.9650136902951019,
    "precision": 0.8829099892778682,
    "recall": 0.9256275540059781,
    "f1": 0.903237561421789,
    "hallucinations": 0
  }
}