{
  "german": {
    "accuracy": 0.9425641025641026,
    "precision": 0.8762867135867441,
    "recall": 0.7434635641687287,
    "f1": 0.7986211676039359,
    "hallucinations": 0
  }
}