{
  "german": {
    "accuracy": 0.9495794291739558,
    "precision": 0.6643563897402643,
    "recall": 0.5876855384676306,
    "f1": 0.620364105272867,
    "hallucinations": 423
  }
}