{
  "english": {
    "accuracy": 0.9505804311774461,
    "precision": 0.8407856666861044,
    "recall": 0.9001628170589043,
    "f1": 0.8677852028445594,
    "hallucinations": 0
  }
}