{
  "english": {
    "accuracy": 0.9504504504504504,
    "precision": 0.8385452378143166,
    "recall": 0.9010244498049375,
    "f1": 0.8668474410988211,
    "hallucinations": 0
  }
}