{
  "german": {
    "accuracy": 0.8695076175756238,
    "precision": 0.5905016227058666,
    "recall": 0.48825283578031625,
    "f1": 0.5232120225715401,
    "hallucinations": 107
  }
}