{
  "german": {
    "accuracy": 0.9625699125197189,
    "precision": 0.7334559695324506,
    "recall": 0.8329476475082349,
    "f1": 0.7761537544081758,
    "hallucinations": 0
  }
}