{
  "german": {
    "accuracy": 0.981331927436555,
    "precision": 0.8301216987645983,
    "recall": 0.9062710133592402,
    "f1": 0.8645085743149575,
    "hallucinations": 0
  }
}