{
  "german": {
    "accuracy": 0.9442735042735043,
    "precision": 0.8036242717946074,
    "recall": 0.8701309075642881,
    "f1": 0.8335011381026171,
    "hallucinations": 0
  }
}