{
  "german": {
    "accuracy": 0.9517948717948718,
    "precision": 0.8255830091807349,
    "recall": 0.8836101961439481,
    "f1": 0.8519928076414683,
    "hallucinations": 0
  }
}