{
  "english": {
    "accuracy": 0.8671171171171171,
    "precision": 0.6997838746737868,
    "recall": 0.582583856974101,
    "f1": 0.6261823096242153,
    "hallucinations": 87
  }
}