{
  "english": {
    "accuracy": 0.8660033167495854,
    "precision": 0.7037837526967962,
    "recall": 0.58529899199435,
    "f1": 0.6293275415762493,
    "hallucinations": 84
  }
}