{
  "english": {
    "accuracy": 0.9564952844539093,
    "precision": 0.8609697399561095,
    "recall": 0.917516223451647,
    "f1": 0.8873462575805368,
    "hallucinations": 0
  }
}