{
  "german": {
    "accuracy": 0.9759070701276351,
    "precision": 0.8074203601943895,
    "recall": 0.8910388732051828,
    "f1": 0.8450990449130704,
    "hallucinations": 0
  }
}