{
  "german": {
    "accuracy": 0.9476923076923077,
    "precision": 0.8514745431043163,
    "recall": 0.8207807585733903,
    "f1": 0.8349338617887255,
    "hallucinations": 0
  }
}