{
  "german": {
    "accuracy": 0.9640097151689114,
    "precision": 0.8741607863577522,
    "recall": 0.8830436169947878,
    "f1": 0.8780163710691289,
    "hallucinations": 0
  }
}