{
  "english": {
    "accuracy": 0.9741323327801429,
    "precision": 0.7809703332159902,
    "recall": 0.9133675634385291,
    "f1": 0.8369224615251095,
    "hallucinations": 0
  }
}