{
  "english": {
    "accuracy": 0.9753642782033949,
    "precision": 0.7922855335270828,
    "recall": 0.9142870413602711,
    "f1": 0.8446127311322837,
    "hallucinations": 0
  }
}