{
  "english": {
    "accuracy": 0.9801018568595637,
    "precision": 0.8223719902271527,
    "recall": 0.9198498660130957,
    "f1": 0.8661282292198975,
    "hallucinations": 0
  }
}