{
  "german": {
    "accuracy": 0.9634786359606029,
    "precision": 0.7218222867172183,
    "recall": 0.8484329881175846,
    "f1": 0.7734040092081966,
    "hallucinations": 0
  }
}