{
  "german": {
    "accuracy": 0.9330978140869949,
    "precision": 0.8072972685080476,
    "recall": 0.7459116993796862,
    "f1": 0.7739892645566212,
    "hallucinations": 0
  }
}