{
  "german": {
    "accuracy": 0.9817868922988671,
    "precision": 0.839630876813458,
    "recall": 0.9132463642398928,
    "f1": 0.8729843312992066,
    "hallucinations": 0
  }
}