{
  "german": {
    "accuracy": 0.9628076397709028,
    "precision": 0.7283948175840766,
    "recall": 0.7941767716192459,
    "f1": 0.7573728154671486,
    "hallucinations": 0
  }
}