{
  "german": {
    "accuracy": 0.9514529914529914,
    "precision": 0.8478919622429731,
    "recall": 0.8487277324614945,
    "f1": 0.8478991018699961,
    "hallucinations": 0
  }
}