{
  "german": {
    "accuracy": 0.9654197320808071,
    "precision": 0.7508176784201882,
    "recall": 0.7802439154987582,
    "f1": 0.7647845964752699,
    "hallucinations": 0
  }
}