{
  "german": {
    "accuracy": 0.9316239316239316,
    "precision": 0.820309041063758,
    "recall": 0.7543908952804403,
    "f1": 0.7843104533228752,
    "hallucinations": 0
  }
}