{
  "english": {
    "accuracy": 0.9633204633204633,
    "precision": 0.8827010713028219,
    "recall": 0.9332047807657563,
    "f1": 0.90649025694313,
    "hallucinations": 0
  }
}