{
  "english": {
    "accuracy": 0.9648424543946932,
    "precision": 0.8897987684761196,
    "recall": 0.9332625793777606,
    "f1": 0.9104426035898743,
    "hallucinations": 0
  }
}