{
  "english": {
    "accuracy": 0.9680559780955278,
    "precision": 0.8924000495536829,
    "recall": 0.9227990142365332,
    "f1": 0.9069378198626534,
    "hallucinations": 0
  }
}