{
  "english": {
    "accuracy": 0.9717966050773622,
    "precision": 0.7642409243102212,
    "recall": 0.8959394535206289,
    "f1": 0.819327505442088,
    "hallucinations": 0
  }
}