{
  "english": {
    "accuracy": 0.9706328017894509,
    "precision": 0.7537093655474453,
    "recall": 0.8959703200472514,
    "f1": 0.8123568757059663,
    "hallucinations": 0
  }
}