{
  "english": {
    "accuracy": 0.9747927031509122,
    "precision": 0.9115148904527196,
    "recall": 0.9442649119116808,
    "f1": 0.9272642129487801,
    "hallucinations": 2
  }
}