{
  "english": {
    "accuracy": 0.9726512226512226,
    "precision": 0.9029771323961256,
    "recall": 0.9439158402573037,
    "f1": 0.9224885899320157,
    "hallucinations": 2
  }
}