{
  "german": {
    "accuracy": 0.9528180123332856,
    "precision": 0.6923861180098356,
    "recall": 0.8268150307369998,
    "f1": 0.7448570100758772,
    "hallucinations": 0
  }
}