{
  "english": {
    "accuracy": 0.9611940298507463,
    "precision": 0.8801681895069762,
    "recall": 0.922892220700953,
    "f1": 0.9004011337088093,
    "hallucinations": 0
  }
}