{
  "english": {
    "accuracy": 0.9617117117117117,
    "precision": 0.8791782897235915,
    "recall": 0.9237544298519907,
    "f1": 0.9002617788581171,
    "hallucinations": 0
  }
}