{
  "english": {
    "accuracy": 0.937328871311226,
    "precision": 0.8045520874789167,
    "recall": 0.8637734190456334,
    "f1": 0.8312524087288534,
    "hallucinations": 0
  },
  "german": {
    "accuracy": 0.9180834621329211,
    "precision": 0.7640496845202079,
    "recall": 0.660579852700341,
    "f1": 0.7034157180391718,
    "hallucinations": 0
  },
  "italian": {
    "accuracy": 0.9317866349395201,
    "precision": 0.6881012477975065,
    "recall": 0.6998536956800535,
    "f1": 0.6917887203573964,
    "hallucinations": 0
  },
  "spanish": {
    "accuracy": 0.85,
    "precision": 0.6779165346253806,
    "recall": 0.7489622121406906,
    "f1": 0.7077933725447917,
    "hallucinations": 0
  }
}