{
  "german": {
    "accuracy": 0.9203418803418804,
    "precision": 0.8043190667687986,
    "recall": 0.6959703016373687,
    "f1": 0.7411553671742738,
    "hallucinations": 0
  }
}