{
  "english": {
    "accuracy": 0.9640796827113756,
    "precision": 0.7293786650213874,
    "recall": 0.9023495252328825,
    "f1": 0.7966010056124571,
    "hallucinations": 1
  }
}