{
  "german": {
    "accuracy": 0.9656771356183373,
    "precision": 0.7706915968959415,
    "recall": 0.7587011683680909,
    "f1": 0.7640108253323942,
    "hallucinations": 0
  }
}