{
  "german": {
    "accuracy": 0.9663941871026339,
    "precision": 0.7749681302984465,
    "recall": 0.7642536075524626,
    "f1": 0.7690518332374511,
    "hallucinations": 0
  }
}