{
  "english": {
    "accuracy": 0.9619714024946759,
    "precision": 0.8789146563785017,
    "recall": 0.9208968629003976,
    "f1": 0.8988905512101658,
    "hallucinations": 0
  }
}