{
  "german": {
    "accuracy": 0.9730388641904488,
    "precision": 0.7937301990675389,
    "recall": 0.8845730518138398,
    "f1": 0.8337171323893048,
    "hallucinations": 0
  }
}