{
  "german": {
    "accuracy": 0.9367521367521368,
    "precision": 0.788579118105336,
    "recall": 0.8591032706695488,
    "f1": 0.8194420883721278,
    "hallucinations": 0
  }
}