{
  "english": {
    "accuracy": 0.9796962321975843,
    "precision": 0.819686023801287,
    "recall": 0.9348048413768169,
    "f1": 0.8706321109928371,
    "hallucinations": 0
  }
}