{
  "german": {
    "accuracy": 0.9782645162836396,
    "precision": 0.8065074895182202,
    "recall": 0.9080811995111372,
    "f1": 0.851812517823971,
    "hallucinations": 0
  }
}