{
  "english": {
    "accuracy": 0.9722202179089401,
    "precision": 0.7704408093205303,
    "recall": 0.8791620965008962,
    "f1": 0.8179394864279504,
    "hallucinations": 73
  }
}