{
  "english": {
    "accuracy": 0.9730359020579841,
    "precision": 0.7797328786175575,
    "recall": 0.8781969011927694,
    "f1": 0.8233434907436359,
    "hallucinations": 68
  }
}